url,label
http://kayakcommungae.cc/,phishing
http://videowhatsapp1.hidrocleaner.com/resin-tanpa-pianaknetusing/santukan-nulungin-sumur-pianakne-27822.html,phishing
http://groupewhatsapp13131.paris-in-sub-version.com/masih-tongosne-ngiring/matakon-bareng-wit-langite-29008.html,phishing
http://hidrocleaner.com/resin-tanpa-pianaknetusing/santukan-nulungin-sumur-pianakne-27822.html,phishing
https://paris-in-sub-version.com/jadmasabilang-maplaliancuoi-baru/tua-tukade-corahipun-akeh-29008.html,phishing
http://case-3926455856.byteforge6210.click/,phishing
http://basic-id4923585324.globalsoft1123.click/,phishing
http://case-10999348045219.bluewave6512.click/,phishing
http://paris-in-sub-version.com/masih-tongosne-ngiring/matakon-bareng-wit-langite-29008.html,phishing
https://jdjd383833883.glide.page/,phishing
https://link.space/@cloudesk,not-phishing
https://felixvalidate.pages.dev/,phishing
https://undian-kupon4.gratis2025.my.id/,phishing
https://case-1018686749281.ketlyef.com/?case-id-10072372,phishing
https://681f1ae6ee86c8ac180f96a4--cheery-pudding-68677e.netlify.app/,phishing
http://descuentosportalpagosclaro.azurewebsites.net/,phishing
https://963jili.vip/,phishing
https://notairepari.site/devis/log.php,phishing
https://2qpkonknquj476lwo24kuzv52mghmktoo3pg7fyk2blbgblgrkva.g8way.io/1B6nNU2FE8_5dna4qma90wx2Km523m-XCtBWEwVmiqo?email=3mail@b.c%0D,phishing
https://case-500070248464.getit47.click/,phishing
https://cheery-pudding-68677e.netlify.app/,phishing
https://yq1gmc9c4p92y.athena-technologies.com.my:8443/impact?y8suwe6a3fl=bmdvemkuZWJlcmVuZHVAYW1jbmV0d29ya3MuY29t,phishing
https://dhlaa.gml.bar/vip,phishing
http://check-verification-eligibility-ch-2bau.vercel.app/help.center/page.html,phishing
https://takaecdwr.xyz/,phishing
https://coinn-basee.webflow.io/,phishing
https://case-1018686745708.ketlyef.com/?case-id-10072372,phishing
https://juno-webmail-831c85.webflow.io/,phishing
https://coinbaseprologin-uk.webflow.io/,phishing
http://www.saussicecarotte.cfd/,phishing
https://shivshreetravelworld.com/ver/,phishing
https://bitvvvaa.com/h5/,phishing
https://1jzoc254l3lup.athena-technologies.com.my:8443/impact?2ecnen8lvbl=Y3BvQGV0cmFkZS5jb20=,phishing
https://k0r0u18xf029d.athena-technologies.com.my:8443/impact?qx7ukgvyywn=ZHN0ZXZlbnNAYWZzLWxpbmsuY29t,phishing
https://ic-4050589-view-mail-ups.web.app/,phishing
https://checkpoint-safety-code-3344556671010.vercel.app/case.help/page.html,phishing
https://helpcase-6385482797.codepulse3408.click/,phishing
https://arcinstalacoes.com.br/me/ghh/log.html,phishing
https://pages-verify-business-information-id100038699942.vercel.app/kcdmdyx.com,phishing
https://nksp5waa4je0i.athena-technologies.com.my:8443/impact?hwuzm8g41c=cmV1YmVuLndpbml0Y2hAZXRyYWRlLmNvbQ==,phishing
https://6dokjzi9lvb93.athena-technologies.com.my:8443/impact?p584bd38no=Y3VzdG9tZXJzYXRpc2ZhY3Rpb25AZXRyYWRlLmNvbQ==,phishing
https://tl6b0j2ylr5jm.athena-technologies.com.my:8443/impact?5u15hb1i9w4=Y2FsZWIueW91bmdAZXRyYWRlLmNvbQ==,phishing
https://procuredepartments.sbs/order/pdfs/,phishing
https://security-business.verifyaccountchek.site/meta-community-standard?-33624407975117982587,phishing
https://s3.us-east-1.amazonaws.com/anydo-user-uploads/wbEmfWOk9i49CpNMrttmoQ_cc0743f305bd47c5a9175cf0f0b3ff50_SharePoint-new-fax-doc.htm,phishing
https://account-help-id03634699.vercel.app/,phishing
http://www.rebrand.ly/dd0e88/,phishing
https://devwebschloesser.github.io/Insta-page/,phishing
https://edrochford.com/doocms/,phishing
https://ebay.amidjjf.top/,phishing
http://www.goods-services.info/uulabel.html,phishing
https://instagram06390.blogspot.com.ng/,phishing
https://jz1d81jy2bnm6.athena-technologies.com.my:8443/impact?zjalbmjl1yq=cy5ibGFuZEBlbHNldmllci5jb20=,phishing
https://rubicdapp.pages.dev/,phishing
https://phithien1.vercel.app/teamsupport.html,phishing
http://urgentswiss.wpenginepowered.com/CHFINAL/f6c10/,phishing
https://rebrand.ly/ilp9rk5,phishing
https://www.piazzalegiustidental.com/mwqb00/auth/login.php,phishing
http://lumbar-slime-park.glitch.me/,phishing
http://cdtagricoleassis.useruno.com/WWP/captcha/,phishing
https://email7m50u.ecomelec.ma:8443/impact?KC6N4DFPZ0G9MLX=cm95LnZlbmVtYUBjaGlwc29mdC5ubA==,phishing
http://aa.officialmailer.com/,phishing
https://abt.egyptianpharmex.com/sns,phishing
https://myappleicloudion.shop/store/ention,phishing
https://jcxk.weebly.com/,phishing
http://asdasw.gaaraz.my.id/,phishing
https://onlineemailterms.weebly.com/,phishing
https://846phn9mzx1nv.athena-technologies.com.my:8443/impact?hcf4fiern3g=c2tlbGVtY2lAaWZmY28uY29t,phishing
https://pop9.maniaws.com/dd?YnVyZ2hhcmR0QGxrb3MuZGU=,phishing
https://login-orange-session.weebly.com/,phishing
https://incredibleselonmuskcentre.weebly.com/,phishing
http://berita18terbaru.blogspot.com/?m=1,phishing
https://mergesdappsever.pages.dev/wallet/wallet/inputs.html,phishing
https://gcpt.com.au/blobm2red.html,phishing
https://kiruthi2508.github.io/Netflix-clone/signIn.html,phishing
http://powerful-shrouded-ironclad.glitch.me/PO65619203.html,phishing
http://steamcommunitfy.com/tradeoffer/new/?partner=185739285473&token=N2nE1Js,phishing
https://mlihaokamon.kinsta.cloud/it/,phishing
https://konfirmasipenerimaanhadiahgiveaway-10juta-resmi.biz.id/manguwww/,phishing
https://bitly.cx/KIaim-Pending-Giveaway-Resmi,phishing
http://www.normalchoicezap.online/,phishing
http://shrpoint.vercel.app/,phishing
http://pancake-swap.site/,phishing
https://smartaxis.manageprofileapp.com/,phishing
https://83bd-vxcb-bfg-dsnghnfdsnfgcac.vercel.app/,phishing
https://5510004b.com/index.html/,phishing
https://discord-download.browsers-bazze.ru/?yclid=11212585780107804671,phishing
https://cs-portalintranet.com/pf/21f49d6e-197b-49d1-b77c-afbea16b522b/,phishing
https://w3b8ji1ee5ze4.athena-technologies.com.my:8443/impact?vi38qsl1ks=aW5mb0BzYi5sdA==,phishing
https://microsoft.design/articles/start-fresh-redesigning-windows-start-menu/,not-phishing
https://auth-mail.ru-message746421492198459922-cgi.sbs/1547487517000000048/login.php?out=1&email=3mail@b.c&id=00387019540690bd3362c2faca3cde49&b=c210czJAbW5ycy5pbmZv,phishing
https://steamcomnmnunity.com/tradeoffers/new/partners=4133544402000BERg&token=TLgzJ132,phishing
http://c.smcyl.my.id/,phishing
http://aniket9547.github.io/Amazon_clone,phishing
https://wonderawayiwu.github.io/javascript-amazon-project/checkout.html,phishing
https://reservationroom84.world/sign-in?op_token=EgVvYXV0aCJHChQ2Wjcyb0hPZDM2Tm43emszcGlyaBIJYXV0aG9yaXplGhpodHRwczovL2FkbWluLmJvb2tpbmcuY29tLyoCe31CBGNvZGUqEjDd3bSSuf4mOgBCAFjA2M2xBg,phishing
https://reservationroom84.world/,phishing
http://endarfootwear.info/m/login,phishing
http://explorer.btgofficial.org/,phishing
https://nhaanhangwagens.nl/mah/pen/,phishing
http://support-trezaer-io.webflow.io/,phishing
https://shivamudipelly.github.io/nextflix-clone/help.html,phishing
https://shivamudipelly.github.io/nextflix-clone/FAQ.html,phishing
https://shivamudipelly.github.io/nextflix-clone/sign%20In.html,phishing
https://capicuaturismo.com.ar/beagentina/ge/home/nkl-log.php,phishing
http://email.receiptful.com/c/eJx0ksFu3CwUhZ8Gb36NhQFjvGAxyoylf9FNlErdXuDaQ4vBwUxH8_aVpTSRk86Se79zQIfz4_CMFv1Sxms4HA1ElyK6J8jlf6elagCZctBxKRplAGjbcjVWO9UpzeCjzu-T2qZ5j5xn8OGhoWH_oF9wXgIUfFOBoq2QvWAGUUk7OmfsXjWEdDsHnDFuT_-6e3x98wnOadbHPGEscPiGwfk4YfyP8Kf3w-Ft7eOYiKCvU3oNUO8TIPy8931G6xePsehbyvnu41SvEGCG6DDX8PN-J4IGLAXzklNBW74G-YJr0SVfcT_-vmL-G1SHdhylBegb1TXWMiYqp5XoG1Whbjoh257xXlUX7WQrLB8bVI4Ba3uB0hmrOi6No5bLymtGWUtb2lHBeaPqsaHGqLZn1rUKAIign_496Espy0r4kbCBsMHC4u0VyjX7dU4bUkMmbDAIW4Q-AmHDhBvMhw8vwk-PykKY_ODKfUHCT7hVpsraXiAWCPWa8oQhpRWJoOuve8RSG6yKHlMI6XZd1uq3Zn8CAAD__3jp_rQ,not-phishing
http://www.steamforums.net/,phishing
http://5510004b.com/index.html,phishing
https://ftx-distributions.net/login/,phishing
http://claimsftx-portal.com/,phishing
https://aeme1.ecomelec.ma:8443/impact?tokenKQOP4DR84U=YmVuLnNoaW1tZW5zQGRvbWluby11ay5jb20=,phishing
https://helproomvisitors58.world/sign-in,phishing
https://rt5i9.ecomelec.ma:8443/impact?tokenL7TWR16BLE=YmVuLnNoaW1tZW5zQGRvbWluby11ay5jb20=,phishing
https://digitalfusecontentviolation.vercel.app/protection,phishing
https://pub-ada1a87a8bf9485b94cbd7a3e2d83557.r2.dev/index.html#3mail@b.c,phishing
https://indumetalceara.com.br/PlTnDF/aMHrtSNv/bnMxOTA4QGtha2FvLmNvbQ==,phishing
http://sso--uphold-com-s-cdn--auth.webflow.io/,phishing
https://xnshei.xyz/ISNhua8HUAhs7a/,phishing
https://nxsakqo.net/,phishing
https://walletconnect.yusihk.com/2.0/swift/guides/mobile-linking/,not-phishing
http://openseapro-nft-gift5.vercel.app/,phishing
http://getrobux-here.blogspot.fi/,phishing
https://rebrand.ly/03b146/,phishing
https://gyuedsftguyiuhojsdbesdcyftugyihujesdchbjsdcjk.vercel.app/2502tacmkx.html,phishing
http://rebrand.ly/03b146,phishing
https://xz0511.cn/index.php,phishing
http://getyours-robux-real.blogspot.hk/,phishing
https://cn.xgmmx.com:9119/home/register?code=56338,phishing
https://xuaqox.xyz/asdasjk87sa/,phishing
http://mxksauqsx.net/,phishing
http://trezor-iosttartt.webflow.io/,phishing
https://ledge-66a.pages.dev/partners,phishing
https://ledge-66a.pages.dev/the-people-behind-ledger,phishing
https://ledge-66a.pages.dev/reseller,phishing
https://ledge-66a.pages.dev/,phishing
https://ledge-66a.pages.dev/the-company,phishing
https://ledge-66a.pages.dev/blog,phishing
http://getrobux-here.blogspot.com.mt/,phishing
http://getyours-robux-real.blogspot.co.nz/,phishing
http://www.metamaski-io.vip/,phishing
http://login-meta.ubpages.com/log1/,phishing
https://www.myhr-portal.site/signin?t=eyJhbGciOiJIUzI1NiJ9.eyJ0cmFja2luZ190b2tlbiI6IjZlNmE0OWU3LTYzOWYtNDA0My05NWIwLTMzMzRlYWJlNGQzNSIsImNlbGwiOiJodHRwczovL3FnYmZ3b3c2MGYuZXhlY3V0ZS1hcGkudXMtd2VzdC0yLmFtYXpvbmF3cy5jb20vcHJvZC9hcGkvcGhpc2hpbmdjYW1wYWlnbiIsImNhbXBhaWduX3Rva2VuIjoiYzI5NGUxMzMtNWY0Yi00ZGFlLWJmODQtNWI1Y2U1YmFkMGQyIiwidGVzdF90b2tlbiI6ZmFsc2UsImV4dGVybmFsX3RyYWluaW5nIjpmYWxzZSwiZGlyZWN0X2RlbGl2ZXJ5Ijp0cnVlLCJpYXQiOjE3NDI5OTc0MDEsImlzcyI6Imh0dHBzOi8vYXBwLnBoaXNodGhyZWF0LmNvbSIsImV4cCI6MTc1MDc3MzQwMX0.JkNbwO6aOzVKxRmrn9FP9DpEIpG-uV_iNDICmHyVKO0,phishing
http://base---ndax-x-x-auth--sso.webflow.io/,phishing
http://cl49516.tw1.ru/RM,phishing
https://aktifkaanpaylatters.resmi-onz4.xyz/,phishing
https://channelhub.info/8c5b54313x399a492dnad158f5djec94e0aa.html,phishing
https://vuelos.descuentolampro.com/,phishing
https://secure-oauth2.xfinlty.com.50-6-197-144.cprapid.com/?403verify,phishing
http://mctamasklogin.webflow.io/,phishing
https://updatesamzsupportmailaccouncustome.4-155-105-207.cprapid.com/?load1ngcs_,phishing
http://ergoterapeutene.broke-it.net/skatt/no/login/?token=fcd00c0656cc4903655f8dde2439698c2aa39477,phishing
https://ergoterapeutene.broke-it.net/skatt/no/login/?token=fcd00c0656cc4903655f8dde2439698c2aa39477/,phishing
https://rafaelfeitosax.github.io/instagramlogin/,phishing
https://openseapro-nft-gift2.vercel.app/,phishing
http://www.diorqq.info/,phishing
https://diorqq.info/,phishing
https://ripav.sa.com/v2025/login/index.php/,phishing
http://5510000a.com/,phishing
https://quietpine.vercel.app/managermentquan/M5wD9Rj3X7/F8tB2Qy1K0.html/,phishing
https://request-to-identify-business-page-facebook-id100088488675.vercel.app/obzkwla.com/,phishing
http://rbx2025k.blogspot.nl/,phishing
https://jsweeirudjkewsj.weebly.com/,phishing
http://cosmetics-around-inexpensive-illustration.trycloudflare.com/codes/specson/web/captcha.php?web/auth/trum#/now/overviewAccounts/overview/index=,phishing
http://www.omy.cat/6rb1/,phishing
https://updateamzinformatiansupporamilcustome.co.uk/?lod1ngcs_,phishing
http://rbx2025k.blogspot.ae/,phishing
https://videohot2025.numberssimply.com/kurenan-tenung-nglimbak/bucu-nguripang-kantun-mulih-29229.html/,phishing
https://22eaaf37c7.nxcli.io/wp-admin/by/bh/index.php,phishing
https://fergjbced.myshopify.com/gift_cards/91704328564/6c118f87b49ec3584d13d24674296e5a,phishing
http://blockchain-online-server.vercel.app/,phishing
http://victorious-noiseless-bronze.glitch.me/home.html,phishing
http://pub-6f594b43277e4071a0c14266387a1ea8.r2.dev/fdsaghjk.html,phishing
http://pub-6db4fb89a12740c888ecddd349fa9a7e.r2.dev/bgryu.html,phishing
http://www.chatbot.page/rEkfUe/,phishing
http://payide7654.wixstudio.com/my-site-2/,phishing
http://pub-3019d8288f8446f9972a55bb08a4c968.r2.dev/lkjasdf.html,phishing
http://pub-ef47dfdc85ad463a911b6bde06661e80.r2.dev/inbox.html,phishing
http://pub-a77375725cbe4ebebbbb725baa062262.r2.dev/aw.html,phishing
http://codebustler.github.io/insta-login-page/,phishing
http://pub-35312b95baf4482f8dd1d6c35e6943a1.r2.dev/mnbvasd.html,phishing
http://pub-cfe3b618b25d4e3e9bfd6f4f7e843cca.r2.dev/owa-pageeee-owa.html,phishing
http://www.keepo.io/updett/,phishing
http://acuratlydltedfileeror.github.io/conterestedhigflow/jozgandoz-menthol/,phishing
http://pub-85d7e54e225f40cab7906dbba472f63b.r2.dev/avatar.html,phishing
http://publishpostnow.github.io/statemntaboutgeneryal/casee-problem/homes/,phishing
http://pub-1592c2be7661400ba6f15b95e70c0068.r2.dev/nmkjgdsw.html,phishing
http://pub-d69c77ba755745888f5f3bae287f77ec.r2.dev/qzindex.html,phishing
http://pub-0ae50a4c573c409f93585499aeac650f.r2.dev/cvbnmkjh.html,phishing
http://oliver0147.github.io/olive/,phishing
http://pub-682ad3b65d944376b919745aae3c56d4.r2.dev/document13.html,phishing
http://www.crannoch.care/office/,phishing
http://pub-8c1c14c3b0d64d0099312bb4670f2e23.r2.dev/hjokedd.html,phishing
http://month-gasoline-seasoned.heyflow.site/at_t-mail-12260c/,phishing
http://sthelanravihselecteptubl.github.io/toursateldeslide/join/,phishing
http://pub-c613903628154b7e971252c962071102.r2.dev/verify.html,phishing
http://pub-6179f7b40073429c858246371a6233d0.r2.dev/rfpindex.html,phishing
http://pub-6147d6c64e7f4407b7a87743ce02914f.r2.dev/owa-webapp-outlook.html,phishing
http://spamer247.github.io/nelt/,phishing
http://spacetiontonunek.github.io/jonsbo/,phishing
http://pub-a5dea08759934238bd2363b86fdeed1a.r2.dev/makinsalin.html,phishing
http://pub-41bd2945a75e4a608d621f664b0202fc.r2.dev/outlook-web-app.html,phishing
http://pub-87370549686248abaf668cfffcf181c1.r2.dev/jowa-outlook.html,phishing
http://bizinfosrilanka.lankapanel.net/hello/mail1.php,phishing
http://pub-4c9ff4530874435e880872f3496639c4.r2.dev/owaa.html,phishing
http://pub-f7076e6b96664daf90ae8357ef8b9110.r2.dev/DF1.html,phishing
https://mahimads.github.io/Amazon-Clone/,phishing
https://steamcommurnitty.com/140916082842,phishing
https://nithinravoori.github.io/netflix-clone/,phishing
https://sso--uphold--com--cdn-m-cdn.webflow.io/,phishing
https://b.lktlb.com/,phishing
https://vaccatiion-erturens.home.kg/,phishing
https://stermcormmunity.com/gift-card/57685622,phishing
http://mlbbshop.merchats.com/verify.php,phishing
https://coinbose-wallst.webflow.io/,phishing
https://ss.team-2ss.com/p/fhtb-mrgw/nwjpmdwv/,phishing
https://mitrajit-55.github.io/netflix_clone/,phishing
https://ardomproject.ru/pmo.html,phishing
https://bitter-sound-e384.pawavo5519.workers.dev/,phishing
https://ripav.sa.com/v2025/sms.php,phishing
https://ripav.sa.com/v2025/email.php,phishing
https://ripav.sa.com/v2025/card.php,phishing
https://ripav.sa.com/v2025/details.php,phishing
https://ripav.sa.com/v2025/login,phishing
http://www.www-icloud.vip/,phishing
https://support-2912.ubpages.com/866/,phishing
https://ripav.sa.com/v2025,phishing
http://rbx2025k.blogspot.com.au/,phishing
https://soumyaranjan-17.github.io/Netflix/,phishing
https://ishaaniitg.github.io/Amazon_clone/,phishing
https://anu660-ops.github.io/Amazone-Clone/,phishing
https://krishnendu-234.github.io/Netflix-Website-Clone/,phishing
https://quietpine.vercel.app/managermentquan/M5wD9Rj3X7/F8tB2Qy1K0.html,phishing
https://assets.dashboard-home-conbase-108.44-223-65-141.cprapid.com/secured/otp6/sign/index.html?sec387gdorrr,phishing
https://kyfemarketing.github.io/zeeshan/,phishing
https://tejaswireddy2003.github.io/Netflix/,phishing
https://request-to-identify-business-page-facebook-id100088488675.vercel.app/obzkwla.com,phishing
https://wretcheddivine.co.nz/auu/,phishing
https://kucoiuinelogin.godaddysites.com/,phishing
https://vishakhasharma19.github.io/Amazon-clone/,phishing
https://maatnsssk-logim.gitbook.io/,phishing
http://wwe.whstauubo.top/,phishing
https://io--suitee--trezor.webflow.io/,phishing
http://inchhxx-ld-gowbx.websxgo.buzz/,phishing
https://logi-robinhoodzz.gitbook.io/,phishing
https://consultmuse.com/kalih-negaknepukin-tusing/anu-anggen-ungkurnyane-tukad-29119.html/iisstart.aspx,phishing
http://batalkaan-pinjama4n.resmi-bkd5.xyz/,phishing
http://wwe.whatsnwprw.top/,phishing
https://bbkdghfozhxlkslcgjakajaxbj2517tu.weebly.com/,phishing
http://paris-in-sub-version.com/sue-puput-usus/wenten-ngeres-ngantenin-antuk-29008.html,phishing
https://whatsvlapp.com/,phishing
https://praneeth0331.github.io/new2/,phishing
https://facebock.com.vn/3iDgKZGAvPOp5FUGgFd3XU?v,phishing
http://warning.privacychatboxads.com/meta-community-standard-56913423223,phishing
https://uphwlde-logic.godaddysites.com/,phishing
https://dpcwriter.com/kalih-negaknepukin-tusing/anu-anggen-ungkurnyane-tukad-29119.html/iisstart.aspx,phishing
http://wood-hungry-wish.glitch.me/public/frwe.html,phishing
https://pub-fb2c678464c44a4cb3c13ff6bc95991e.r2.dev/Fleekoffice2.html,phishing
https://sso-cdn-coinbasepro-io-auth-h.webflow.io/,phishing
https://httpp-whatsapp.com/index.html,phishing
http://yvesfriasf.temp.swtest.ru/App/be/argetna/,phishing
https://gemailll-logain.godaddysites.com/,phishing
https://pie-rounded-technosaurus.glitch.me/,phishing
https://dope0515.github.io/netflix/rogin.html,phishing
https://pub-f116f875e0aa4d7cb9e2ecfa533098af.r2.dev/index.html,phishing
https://ise-app.barzelognasrl.it/,phishing
https://nurmd2006.github.io/facebook/,phishing
http://getrobux-here.blogspot.be/,phishing
https://pub-d762a3ec890d4bdda76a1add608c0827.r2.dev/ledge.html,phishing
https://associatory.shop/PQA/gaz,phishing
https://aauth-s-sso-crypto-sso.webflow.io/,phishing
https://started-trezos--io.webflow.io/,phishing
https://aismartmall.vip/,phishing
https://scintillating-document0000000111111.glitch.me/,phishing
https://rectifymetamaskwallet.github.io/id,phishing
http://getrobux-here.blogspot.pt/,phishing
https://ecure-en-blockfi----cdn-sso.webflow.io/,phishing
https://upholzlldgoin.godaddysites.com/,phishing
https://pub-d4c790896a25480db5862311427a4490.r2.dev/TRY.html,phishing
https://pub-af4667cc198e4c3997ad89a9e73f3839.r2.dev/z5.html,phishing
https://robimhoodlognex.gitbook.io/,phishing
https://desenvolvimentowebjc.github.io/clone-pagina-Instagram,phishing
https://us-robenhoodlogaxe-1.gitbook.io/,phishing
https://sso-auth-ndaxlogis.webflow.io/,phishing
https://coinbasexproxloginx-in.godaddysites.com/,phishing
https://steemcommunty.com/giftforyou,phishing
https://khushi407.github.io/Netflix-Login-Page,phishing
https://cyu.apq.mybluehost.me/website_99bbc089/wp-content/uploads/2025/05/amendes/amendes__/login.php/,phishing
https://mentamakki-logng.godaddysites.com/,phishing
https://kkuc-ionlgn.godaddysites.com/,phishing
http://getrobux-here.blogspot.ro/,phishing
https://blockixclogin.godaddysites.com/,phishing
https://pub-c954555e5bab49cbabec3e1431e3ea30.r2.dev/trui.html,phishing
https://cenabisepro7logi.godaddysites.com/,phishing
https://auth--portal-sso-ndax-s-cdn.webflow.io/,phishing
https://sso-ndax---view-cdnn--authds.webflow.io/,phishing
https://metamsk_log1-signin.godaddysites.com/,phishing
https://signmeta_maskk2.godaddysites.com/,phishing
https://summitsicredidegovernanca.com.br/,phishing
https://mettamassqkk-luggyz.godaddysites.com/,phishing
https://kuqwain_usalogi.godaddysites.com/,phishing
URL,Label
https://google.com,not-phishing
https://facebook.com,not-phishing
https://youtube.com,not-phishing
https://amazon.com,not-phishing
https://wikipedia.org,not-phishing
https://twitter.com,not-phishing
https://instagram.com,not-phishing
https://linkedin.com,not-phishing
https://apple.com,not-phishing
https://microsoft.com,not-phishing
https://github.com,not-phishing
https://stackoverflow.com,not-phishing
https://reddit.com,not-phishing
https://netflix.com,not-phishing
https://adobe.com,not-phishing
https://paypal.com,not-phishing
https://bbc.com,not-phishing
https://cnn.com,not-phishing
https://nytimes.com,not-phishing
https://theguardian.com,not-phishing
https://forbes.com,not-phishing
https://medium.com,not-phishing
https://quora.com,not-phishing
https://dropbox.com,not-phishing
https://slack.com,not-phishing
https://zoom.us,not-phishing
https://spotify.com,not-phishing
https://airbnb.com,not-phishing
https://booking.com,not-phishing
https://tripadvisor.com,not-phishing
https://expedia.com,not-phishing
https://uber.com,not-phishing
https://lyft.com,not-phishing
https://salesforce.com,not-phishing
https://shopify.com,not-phishing
https://stripe.com,not-phishing
https://cloudflare.com,not-phishing
https://trello.com,not-phishing
https://asana.com,not-phishing
https://canva.com,not-phishing
https://bitbucket.org,not-phishing
https://gitlab.com,not-phishing
https://npmjs.com,not-phishing
https://vuejs.org,not-phishing
https://reactjs.org,not-phishing
https://angular.io,not-phishing
https://python.org,not-phishing
https://kaggle.com,not-phishing
https://tensorflow.org,not-phishing
https://aws.amazon.com,not-phishing
https://azure.microsoft.com,not-phishing
https://cloud.google.com,not-phishing
https://digitalocean.com,not-phishing
https://heroku.com,not-phishing
https://oracle.com,not-phishing
https://ibm.com,not-phishing
https://dell.com,not-phishing
https://hp.com,not-phishing
https://lenovo.com,not-phishing
https://samsung.com,not-phishing
https://intel.com,not-phishing
https://amd.com,not-phishing
https://nvidia.com,not-phishing
https://tesla.com,not-phishing
https://ford.com,not-phishing
https://toyota.com,not-phishing
https://honda.com,not-phishing
https://bmw.com,not-phishing
https://mercedes-benz.com,not-phishing
https://volvocars.com,not-phishing
https://pepsico.com,not-phishing
https://cocacola.com,not-phishing
https://pizzahut.com,not-phishing
https://dominos.com,not-phishing
https://starbucks.com,not-phishing
https://mcdonalds.com,not-phishing
https://kfc.com,not-phishing
https://subway.com,not-phishing
https://burgerking.com,not-phishing
https://nike.com,not-phishing
https://adidas.com,not-phishing
https://puma.com,not-phishing
https://reebok.com,not-phishing
https://underarmour.com,not-phishing
https://zappos.com,not-phishing
https://ebay.com,not-phishing
https://etsy.com,not-phishing
https://target.com,not-phishing
https://walmart.com,not-phishing
https://costco.com,not-phishing
https://bestbuy.com,not-phishing
https://homedepot.com,not-phishing
https://lowes.com,not-phishing
https://ikea.com,not-phishing
https://wayfair.com,not-phishing
https://overstock.com,not-phishing
https://kohls.com,not-phishing
https://macys.com,not-phishing
https://nordstrom.com,not-phishing
https://saksfifthavenue.com,not-phishing
https://neimanmarcus.com,not-phishing
https://bloomingdales.com,not-phishing
https://sephora.com,not-phishing
https://ulta.com,not-phishing
https://loreal.com,not-phishing
https://estee-lauder.com,not-phishing
https://clinique.com,not-phishing
https://lancome.com,not-phishing
https://chanel.com,not-phishing
https://dior.com,not-phishing
https://gucci.com,not-phishing
https://prada.com,not-phishing
https://louisvuitton.com,not-phishing
https://versace.com,not-phishing
https://hermes.com,not-phishing
https://burberry.com,not-phishing
https://fendi.com,not-phishing
https://balenciaga.com,not-phishing
https://givenchy.com,not-phishing
https://saintlaurent.com,not-phishing
https://tiffany.com,not-phishing
https://cartier.com,not-phishing
https://rolex.com,not-phishing
https://patek.com,not-phishing
https://omega.com,not-phishing
https://tagheuer.com,not-phishing
https://panerai.com,not-phishing
https://iwc.com,not-phishing
https://longines.com,not-phishing
https://jlc.com,not-phishing
https://blancpain.com,not-phishing
https://breguet.com,not-phishing
https://audemarspiguet.com,not-phishing
https://vacheron-constantin.com,not-phishing
https://hublot.com,not-phishing
https://zenith-watches.com,not-phishing
https://tudorwatch.com,not-phishing
https://chopard.com,not-phishing
https://montblanc.com,not-phishing
https://piaget.com,not-phishing
https://bvlgari.com,not-phishing
https://jaeger-lecoultre.com,not-phishing
https://hermes-paris.com,not-phishing
https://loewe.com,not-phishing
https://celine.com,not-phishing
https://goyard.com,not-phishing
https://balmain.com,not-phishing
https://viviennewestwood.com,not-phishing
https://alexandermcqueen.com,not-phishing
https://valentino.com,not-phishing
https://off---white.com,not-phishing
https://moncler.com,not-phishing
https://canadagoose.com,not-phishing
https://ralphlauren.com,not-phishing
https://tommy.com,not-phishing
https://calvinklein.com,not-phishing
https://guess.com,not-phishing
https://armani.com,not-phishing
https://dolcegabbana.com,not-phishing
https://versace-fr.com,not-phishing
https://victoriassecret.com,not-phishing
https://pink.com,not-phishing
https://hollisterco.com,not-phishing
https://abercrombie.com,not-phishing
https://americanapparel.com,not-phishing
https://urbanoutfitters.com,not-phishing
https://freepeople.com,not-phishing
https://anthropologie.com,not-phishing
https://madewell.com,not-phishing
https://jcrew.com,not-phishing
https://clubmonaco.com,not-phishing
https://bananarepublic.com,not-phishing
https://gap.com,not-phishing
https://oldnavy.com,not-phishing
https://uniqlo.com,not-phishing
https://zara.com,not-phishing
https://mango.com,not-phishing
https://hm.com,not-phishing
https://asos.com,not-phishing
https://boohoo.com,not-phishing
https://prettylittlething.com,not-phishing
URL,Label
https://mozilla.org,not-phishing
https://opera.com,not-phishing
https://brave.com,not-phishing
https://duckduckgo.com,not-phishing
https://baidu.com,not-phishing
https://yandex.com,not-phishing
https://bing.com,not-phishing
https://yahoo.co.jp,not-phishing
https://weibo.com,not-phishing
https://qq.com,not-phishing
https://taobao.com,not-phishing
https://tmall.com,not-phishing
https://jd.com,not-phishing
https://aliexpress.com,not-phishing
https://rakuten.co.jp,not-phishing
https://mercari.com,not-phishing
https://flipkart.com,not-phishing
https://snapdeal.com,not-phishing
https://myntra.com,not-phishing
https://zalando.com,not-phishing
https://asos.fr,not-phishing
https://farfetch.com,not-phishing
https://match.com,not-phishing
https://okcupid.com,not-phishing
https://tinder.com,not-phishing
https://bumble.com,not-phishing
https://hinge.co,not-phishing
https://grindr.com,not-phishing
https://pof.com,not-phishing
https://xbox.com,not-phishing
https://playstation.com,not-phishing
https://nintendo.com,not-phishing
https://steamcommunity.com,not-phishing
https://epicgames.com,not-phishing
https://riotgames.com,not-phishing
https://blizzard.com,not-phishing
https://bethesda.net,not-phishing
https://ubisoft.com,not-phishing
https://ea.com,not-phishing
https://square-enix.com,not-phishing
https://bandainamcoent.com,not-phishing
https://activision.com,not-phishing
https://take2games.com,not-phishing
https://rockstargames.com,not-phishing
https://capcom.com,not-phishing
https://konami.com,not-phishing
https://sega.com,not-phishing
https://atlus.com,not-phishing
https://cdprojekt.com,not-phishing
https://devolverdigital.com,not-phishing
https://kickstarter.com,not-phishing
https://indiegogo.com,not-phishing
https://patreon.com,not-phishing
https://buymeacoffee.com,not-phishing
https://gofundme.com,not-phishing
https://justgiving.com,not-phishing
https://kiva.org,not-phishing
https://classy.org,not-phishing
https://globalgiving.org,not-phishing
https://donorschoose.org,not-phishing
https://givewell.org,not-phishing
https://charitynavigator.org,not-phishing
https://guidestar.org,not-phishing
https://volunteer.gov,not-phishing
https://idealist.org,not-phishing
https://catchafire.org,not-phishing
https://taprootfoundation.org,not-phishing
https://volunteermatch.org,not-phishing
https://handsonconnect.org,not-phishing
https://allforgood.org,not-phishing
https://americorps.gov,not-phishing
https://peacecorps.gov,not-phishing
https://habitat.org,not-phishing
https://redcross.org,not-phishing
https://unicef.org,not-phishing
https://wfp.org,not-phishing
https://worldbank.org,not-phishing
https://imf.org,not-phishing
https://who.int,not-phishing
https://un.org,not-phishing
https://unesco.org,not-phishing
https://ilo.org,not-phishing
https://weforum.org,not-phishing
https://oecd.org,not-phishing
https://worldwildlife.org,not-phishing
https://wwf.org,not-phishing
https://greenpeace.org,not-phishing
https://sierraclub.org,not-phishing
https://nature.org,not-phishing
https://conservation.org,not-phishing
https://rainforest-alliance.org,not-phishing
https://wwf.panda.org,not-phishing
https://earthday.org,not-phishing
https://oceana.org,not-phishing
https://cleanwateraction.org,not-phishing
https://surfrider.org,not-phishing
https://plasticpollutioncoalition.org,not-phishing
https://carbonfund.org,not-phishing
https://350.org,not-phishing
https://climaterealityproject.org,not-phishing
https://drawdown.org,not-phishing
https://energystar.gov,not-phishing
https://epa.gov,not-phishing
https://nrdc.org,not-phishing
https://edf.org,not-phishing
https://pewtrusts.org,not-phishing
https://pewresearch.org,not-phishing
https://brookings.edu,not-phishing
https://rand.org,not-phishing
https://urban.org,not-phishing
https://cfr.org,not-phishing
https://carnegieendowment.org,not-phishing
https://aspeninstitute.org,not-phishing
https://chathamhouse.org,not-phishing
https://ecfr.eu,not-phishing
https://csis.org,not-phishing
https://wilsoncenter.org,not-phishing
https://hbr.org,not-phishing
https://mit.edu,not-phishing
https://stanford.edu,not-phishing
https://harvard.edu,not-phishing
https://ox.ac.uk,not-phishing
https://cam.ac.uk,not-phishing
https://imperial.ac.uk,not-phishing
https://ucl.ac.uk,not-phishing
https://ethz.ch,not-phishing
https://epfl.ch,not-phishing
https://caltech.edu,not-phishing
https://berkeley.edu,not-phishing
https://columbia.edu,not-phishing
https://uchicago.edu,not-phishing
https://princeton.edu,not-phishing
https://yale.edu,not-phishing
https://duke.edu,not-phishing
https://cornell.edu,not-phishing
https://upenn.edu,not-phishing
https://dartmouth.edu,not-phishing
https://brown.edu,not-phishing
https://northwestern.edu,not-phishing
https://umich.edu,not-phishing
https://uw.edu,not-phishing
https://utexas.edu,not-phishing
https://ucsd.edu,not-phishing
https://ucla.edu,not-phishing
https://nyu.edu,not-phishing
https://usc.edu,not-phishing
https://gatech.edu,not-phishing
https://cmu.edu,not-phishing
https://korea.ac.kr,not-phishing
https://snu.ac.kr,not-phishing
https://kaist.ac.kr,not-phishing
https://nus.edu.sg,not-phishing
https://ntu.edu.sg,not-phishing
https://hku.hk,not-phishing
https://cuhk.edu.hk,not-phishing
https://ust.hk,not-phishing
https://tsinghua.edu.cn,not-phishing
https://pku.edu.cn,not-phishing
https://fudan.edu.cn,not-phishing
https://zju.edu.cn,not-phishing
https://sjtu.edu.cn,not-phishing
https://ustc.edu.cn,not-phishing
https://ruc.edu.cn,not-phishing
https://ucas.ac.cn,not-phishing
https://shanghaitech.edu.cn,not-phishing
https://buaa.edu.cn,not-phishing
https://ecnu.edu.cn,not-phishing
https://bit.edu.cn,not-phishing
https://jhu.edu,not-phishing
https://hopkinsmedicine.org,not-phishing
https://mayoclinic.org,not-phishing
https://clevelandclinic.org,not-phishing
https://mskcc.org,not-phishing
https://mdanderson.org,not-phishing
https://cancer.gov,not-phishing
https://nih.gov,not-phishing
https://cdc.gov,not-phishing
https://fda.gov,not-phishing
https://who.int,not-phishing
https://unicef.org,not-phishing
https://shein.com,not-phishing
https://fashionnova.com,not-phishing